{
	"partitions" : [
		{
			"name" : "Top",
			"pins" : [
				{
					"name" : "mag_on",
					"strict" : false
				},
				{
					"name" : "sec_ones_segs[0]",
					"strict" : false
				},
				{
					"name" : "sec_ones_segs[1]",
					"strict" : false
				},
				{
					"name" : "sec_ones_segs[2]",
					"strict" : false
				},
				{
					"name" : "sec_ones_segs[3]",
					"strict" : false
				},
				{
					"name" : "sec_ones_segs[4]",
					"strict" : false
				},
				{
					"name" : "sec_ones_segs[5]",
					"strict" : false
				},
				{
					"name" : "sec_ones_segs[6]",
					"strict" : false
				},
				{
					"name" : "sec_tens_segs[0]",
					"strict" : false
				},
				{
					"name" : "sec_tens_segs[1]",
					"strict" : false
				},
				{
					"name" : "sec_tens_segs[2]",
					"strict" : false
				},
				{
					"name" : "sec_tens_segs[3]",
					"strict" : false
				},
				{
					"name" : "sec_tens_segs[4]",
					"strict" : false
				},
				{
					"name" : "sec_tens_segs[5]",
					"strict" : false
				},
				{
					"name" : "sec_tens_segs[6]",
					"strict" : false
				},
				{
					"name" : "mins_segs[0]",
					"strict" : false
				},
				{
					"name" : "mins_segs[1]",
					"strict" : false
				},
				{
					"name" : "mins_segs[2]",
					"strict" : false
				},
				{
					"name" : "mins_segs[3]",
					"strict" : false
				},
				{
					"name" : "mins_segs[4]",
					"strict" : false
				},
				{
					"name" : "mins_segs[5]",
					"strict" : false
				},
				{
					"name" : "mins_segs[6]",
					"strict" : false
				},
				{
					"name" : "door_closed",
					"strict" : false
				},
				{
					"name" : "stopn",
					"strict" : false
				},
				{
					"name" : "clearn",
					"strict" : false
				},
				{
					"name" : "startn",
					"strict" : false
				},
				{
					"name" : "keypad[1]",
					"strict" : false
				},
				{
					"name" : "keypad[2]",
					"strict" : false
				},
				{
					"name" : "keypad[3]",
					"strict" : false
				},
				{
					"name" : "keypad[4]",
					"strict" : false
				},
				{
					"name" : "keypad[9]",
					"strict" : false
				},
				{
					"name" : "keypad[5]",
					"strict" : false
				},
				{
					"name" : "keypad[0]",
					"strict" : false
				},
				{
					"name" : "keypad[6]",
					"strict" : false
				},
				{
					"name" : "keypad[7]",
					"strict" : false
				},
				{
					"name" : "keypad[8]",
					"strict" : false
				},
				{
					"name" : "clock",
					"strict" : false
				}
			]
		}
	]
}